Comune,CODISTAT,provincia,inizioIntervallo,fineIntervallo,classeEta,Target,Vaccinati,Immunizzati
Agrigento,84001,Agrigento,2020-12-27T00:00:00,2021-09-15T00:00:00,12-60,34919,27961,25277
Agrigento,84001,Agrigento,2020-12-27T00:00:00,2021-09-15T00:00:00,>60,15886,14540,13930
Alessandria della Rocca,84002,Agrigento,2020-12-27T00:00:00,2021-09-15T00:00:00,12-60,1478,1159,1098
Alessandria della Rocca,84002,Agrigento,2020-12-27T00:00:00,2021-09-15T00:00:00,>60,952,863,851
Aragona,84003,Agrigento,2020-12-27T00:00:00,2021-09-15T00:00:00,12-60,5650,4594,4336
Aragona,84003,Agrigento,2020-12-27T00:00:00,2021-09-15T00:00:00,>60,2532,2427,2365
Bivona,84004,Agrigento,2020-12-27T00:00:00,2021-09-15T00:00:00,12-60,2048,1587,1476
Bivona,84004,Agrigento,2020-12-27T00:00:00,2021-09-15T00:00:00,>60,1067,985,959
Burgio,84005,Agrigento,2020-12-27T00:00:00,2021-09-15T00:00:00,12-60,1521,1286,1205
Burgio,84005,Agrigento,2020-12-27T00:00:00,2021-09-15T00:00:00,>60,844,814,798
Calamonaci,84006,Agrigento,2020-12-27T00:00:00,2021-09-15T00:00:00,12-60,723,527,500
Calamonaci,84006,Agrigento,2020-12-27T00:00:00,2021-09-15T00:00:00,>60,400,345,337
Caltabellotta,84007,Agrigento,2020-12-27T00:00:00,2021-09-15T00:00:00,12-60,1897,1487,1357
Caltabellotta,84007,Agrigento,2020-12-27T00:00:00,2021-09-15T00:00:00,>60,1200,1069,1027
Camastra,84008,Agrigento,2020-12-27T00:00:00,2021-09-15T00:00:00,12-60,1219,851,781
Camastra,84008,Agrigento,2020-12-27T00:00:00,2021-09-15T00:00:00,>60,587,507,493
Cammarata,84009,Agrigento,2020-12-27T00:00:00,2021-09-15T00:00:00,12-60,3793,3107,2870
Cammarata,84009,Agrigento,2020-12-27T00:00:00,2021-09-15T00:00:00,>60,1584,1502,1453
Campobello di Licata,84010,Agrigento,2020-12-27T00:00:00,2021-09-15T00:00:00,12-60,5751,4363,3888
Campobello di Licata,84010,Agrigento,2020-12-27T00:00:00,2021-09-15T00:00:00,>60,2624,2444,2370
Canicattì,84011,Agrigento,2020-12-27T00:00:00,2021-09-15T00:00:00,12-60,22432,16073,14262
Canicattì,84011,Agrigento,2020-12-27T00:00:00,2021-09-15T00:00:00,>60,8463,7451,7166
Casteltermini,84012,Agrigento,2020-12-27T00:00:00,2021-09-15T00:00:00,12-60,4543,3616,3301
Casteltermini,84012,Agrigento,2020-12-27T00:00:00,2021-09-15T00:00:00,>60,2362,2135,2061
Castrofilippo,84013,Agrigento,2020-12-27T00:00:00,2021-09-15T00:00:00,12-60,1614,1116,960
Castrofilippo,84013,Agrigento,2020-12-27T00:00:00,2021-09-15T00:00:00,>60,776,669,627
Cattolica Eraclea,84014,Agrigento,2020-12-27T00:00:00,2021-09-15T00:00:00,12-60,2090,1441,1286
Cattolica Eraclea,84014,Agrigento,2020-12-27T00:00:00,2021-09-15T00:00:00,>60,1025,857,828
Cianciana,84015,Agrigento,2020-12-27T00:00:00,2021-09-15T00:00:00,12-60,1877,1502,1403
Cianciana,84015,Agrigento,2020-12-27T00:00:00,2021-09-15T00:00:00,>60,1119,1033,1003
Comitini,84016,Agrigento,2020-12-27T00:00:00,2021-09-15T00:00:00,12-60,559,488,456
Comitini,84016,Agrigento,2020-12-27T00:00:00,2021-09-15T00:00:00,>60,241,237,236
Favara,84017,Agrigento,2020-12-27T00:00:00,2021-09-15T00:00:00,12-60,20841,16743,15195
Favara,84017,Agrigento,2020-12-27T00:00:00,2021-09-15T00:00:00,>60,8071,7350,6978
Grotte,84018,Agrigento,2020-12-27T00:00:00,2021-09-15T00:00:00,12-60,3192,2558,2350
Grotte,84018,Agrigento,2020-12-27T00:00:00,2021-09-15T00:00:00,>60,1644,1470,1416
Joppolo Giancaxio,84019,Agrigento,2020-12-27T00:00:00,2021-09-15T00:00:00,12-60,647,503,449
Joppolo Giancaxio,84019,Agrigento,2020-12-27T00:00:00,2021-09-15T00:00:00,>60,372,319,291
Lampedusa e Linosa,84020,Agrigento,2020-12-27T00:00:00,2021-09-15T00:00:00,12-60,4262,3049,2472
Lampedusa e Linosa,84020,Agrigento,2020-12-27T00:00:00,2021-09-15T00:00:00,>60,1485,1250,1166
Licata,84021,Agrigento,2020-12-27T00:00:00,2021-09-15T00:00:00,12-60,22231,14112,12164
Licata,84021,Agrigento,2020-12-27T00:00:00,2021-09-15T00:00:00,>60,9568,7658,7203
Lucca Sicula,84022,Agrigento,2020-12-27T00:00:00,2021-09-15T00:00:00,12-60,1024,880,822
Lucca Sicula,84022,Agrigento,2020-12-27T00:00:00,2021-09-15T00:00:00,>60,506,497,478
Menfi,84023,Agrigento,2020-12-27T00:00:00,2021-09-15T00:00:00,12-60,7312,5465,4906
Menfi,84023,Agrigento,2020-12-27T00:00:00,2021-09-15T00:00:00,>60,3574,3180,3036
Montallegro,84024,Agrigento,2020-12-27T00:00:00,2021-09-15T00:00:00,12-60,1440,1100,1026
Montallegro,84024,Agrigento,2020-12-27T00:00:00,2021-09-15T00:00:00,>60,727,625,601
Montevago,84025,Agrigento,2020-12-27T00:00:00,2021-09-15T00:00:00,12-60,1650,1325,1187
Montevago,84025,Agrigento,2020-12-27T00:00:00,2021-09-15T00:00:00,>60,878,829,812
Naro,84026,Agrigento,2020-12-27T00:00:00,2021-09-15T00:00:00,12-60,4192,2939,2620
Naro,84026,Agrigento,2020-12-27T00:00:00,2021-09-15T00:00:00,>60,2362,2004,1909
Palma di Montechiaro,84027,Agrigento,2020-12-27T00:00:00,2021-09-15T00:00:00,12-60,13361,7701,6894
Palma di Montechiaro,84027,Agrigento,2020-12-27T00:00:00,2021-09-15T00:00:00,>60,5523,4585,4394
Porto Empedocle,84028,Agrigento,2020-12-27T00:00:00,2021-09-15T00:00:00,12-60,10094,7545,6788
Porto Empedocle,84028,Agrigento,2020-12-27T00:00:00,2021-09-15T00:00:00,>60,4149,3658,3497
Racalmuto,84029,Agrigento,2020-12-27T00:00:00,2021-09-15T00:00:00,12-60,4762,3576,2999
Racalmuto,84029,Agrigento,2020-12-27T00:00:00,2021-09-15T00:00:00,>60,2180,1899,1744
Raffadali,84030,Agrigento,2020-12-27T00:00:00,2021-09-15T00:00:00,12-60,7642,6051,5414
Raffadali,84030,Agrigento,2020-12-27T00:00:00,2021-09-15T00:00:00,>60,3463,3138,2989
Ravanusa,84031,Agrigento,2020-12-27T00:00:00,2021-09-15T00:00:00,12-60,6729,4211,3596
Ravanusa,84031,Agrigento,2020-12-27T00:00:00,2021-09-15T00:00:00,>60,3006,2315,2153
Realmonte,84032,Agrigento,2020-12-27T00:00:00,2021-09-15T00:00:00,12-60,2702,2131,1913
Realmonte,84032,Agrigento,2020-12-27T00:00:00,2021-09-15T00:00:00,>60,1237,1134,1067
Ribera,84033,Agrigento,2020-12-27T00:00:00,2021-09-15T00:00:00,12-60,10880,8055,7260
Ribera,84033,Agrigento,2020-12-27T00:00:00,2021-09-15T00:00:00,>60,5362,4738,4580
Sambuca di Sicilia,84034,Agrigento,2020-12-27T00:00:00,2021-09-15T00:00:00,12-60,3376,2860,2695
Sambuca di Sicilia,84034,Agrigento,2020-12-27T00:00:00,2021-09-15T00:00:00,>60,1658,1583,1520
San Biagio Platani,84035,Agrigento,2020-12-27T00:00:00,2021-09-15T00:00:00,12-60,1695,1290,1160
San Biagio Platani,84035,Agrigento,2020-12-27T00:00:00,2021-09-15T00:00:00,>60,1043,951,887
San Giovanni Gemini,84036,Agrigento,2020-12-27T00:00:00,2021-09-15T00:00:00,12-60,4670,3734,3479
San Giovanni Gemini,84036,Agrigento,2020-12-27T00:00:00,2021-09-15T00:00:00,>60,2255,2058,2013
Sant'Angelo Muxaro,84039,Agrigento,2020-12-27T00:00:00,2021-09-15T00:00:00,12-60,620,429,395
Sant'Angelo Muxaro,84039,Agrigento,2020-12-27T00:00:00,2021-09-15T00:00:00,>60,472,411,400
Santa Elisabetta,84037,Agrigento,2020-12-27T00:00:00,2021-09-15T00:00:00,12-60,1344,1058,963
Santa Elisabetta,84037,Agrigento,2020-12-27T00:00:00,2021-09-15T00:00:00,>60,642,626,604
Santa Margherita di Belice,84038,Agrigento,2020-12-27T00:00:00,2021-09-15T00:00:00,12-60,3849,2944,2658
Santa Margherita di Belice,84038,Agrigento,2020-12-27T00:00:00,2021-09-15T00:00:00,>60,1783,1649,1602
Santo Stefano Quisquina,84040,Agrigento,2020-12-27T00:00:00,2021-09-15T00:00:00,12-60,2538,2070,1913
Santo Stefano Quisquina,84040,Agrigento,2020-12-27T00:00:00,2021-09-15T00:00:00,>60,1402,1285,1252
Sciacca,84041,Agrigento,2020-12-27T00:00:00,2021-09-15T00:00:00,12-60,23842,20163,18711
Sciacca,84041,Agrigento,2020-12-27T00:00:00,2021-09-15T00:00:00,>60,11321,10965,10700
Siculiana,84042,Agrigento,2020-12-27T00:00:00,2021-09-15T00:00:00,12-60,2586,1931,1697
Siculiana,84042,Agrigento,2020-12-27T00:00:00,2021-09-15T00:00:00,>60,1250,1123,1066
Villafranca Sicula,84043,Agrigento,2020-12-27T00:00:00,2021-09-15T00:00:00,12-60,782,660,596
Villafranca Sicula,84043,Agrigento,2020-12-27T00:00:00,2021-09-15T00:00:00,>60,433,395,382
Acquaviva Platani,85001,Caltanissetta,2020-12-27T00:00:00,2021-09-15T00:00:00,12-60,489,405,382
Acquaviva Platani,85001,Caltanissetta,2020-12-27T00:00:00,2021-09-15T00:00:00,>60,327,345,339
Bompensiere,85002,Caltanissetta,2020-12-27T00:00:00,2021-09-15T00:00:00,12-60,303,234,213
Bompensiere,85002,Caltanissetta,2020-12-27T00:00:00,2021-09-15T00:00:00,>60,175,164,160
Butera,85003,Caltanissetta,2020-12-27T00:00:00,2021-09-15T00:00:00,12-60,2620,1684,1471
Butera,85003,Caltanissetta,2020-12-27T00:00:00,2021-09-15T00:00:00,>60,1282,973,906
Caltanissetta,85004,Caltanissetta,2020-12-27T00:00:00,2021-09-15T00:00:00,12-60,36976,27036,24363
Caltanissetta,85004,Caltanissetta,2020-12-27T00:00:00,2021-09-15T00:00:00,>60,16683,14727,14109
Campofranco,85005,Caltanissetta,2020-12-27T00:00:00,2021-09-15T00:00:00,12-60,1598,1188,1065
Campofranco,85005,Caltanissetta,2020-12-27T00:00:00,2021-09-15T00:00:00,>60,996,851,805
Delia,85006,Caltanissetta,2020-12-27T00:00:00,2021-09-15T00:00:00,12-60,2508,1757,1588
Delia,85006,Caltanissetta,2020-12-27T00:00:00,2021-09-15T00:00:00,>60,1056,919,886
Gela,85007,Caltanissetta,2020-12-27T00:00:00,2021-09-15T00:00:00,12-60,46225,29769,26240
Gela,85007,Caltanissetta,2020-12-27T00:00:00,2021-09-15T00:00:00,>60,17529,14477,13686
Marianopoli,85008,Caltanissetta,2020-12-27T00:00:00,2021-09-15T00:00:00,12-60,1000,570,491
Marianopoli,85008,Caltanissetta,2020-12-27T00:00:00,2021-09-15T00:00:00,>60,545,384,353
Mazzarino,85009,Caltanissetta,2020-12-27T00:00:00,2021-09-15T00:00:00,12-60,7109,4948,4363
Mazzarino,85009,Caltanissetta,2020-12-27T00:00:00,2021-09-15T00:00:00,>60,3060,2472,2308
Milena,85010,Caltanissetta,2020-12-27T00:00:00,2021-09-15T00:00:00,12-60,1651,1335,1239
Milena,85010,Caltanissetta,2020-12-27T00:00:00,2021-09-15T00:00:00,>60,966,929,889
Montedoro,85011,Caltanissetta,2020-12-27T00:00:00,2021-09-15T00:00:00,12-60,875,642,580
Montedoro,85011,Caltanissetta,2020-12-27T00:00:00,2021-09-15T00:00:00,>60,457,407,388
Mussomeli,85012,Caltanissetta,2020-12-27T00:00:00,2021-09-15T00:00:00,12-60,6195,5040,4593
Mussomeli,85012,Caltanissetta,2020-12-27T00:00:00,2021-09-15T00:00:00,>60,2974,2747,2627
Niscemi,85013,Caltanissetta,2020-12-27T00:00:00,2021-09-15T00:00:00,12-60,16422,11098,8942
Niscemi,85013,Caltanissetta,2020-12-27T00:00:00,2021-09-15T00:00:00,>60,6316,5454,4980
Resuttano,85014,Caltanissetta,2020-12-27T00:00:00,2021-09-15T00:00:00,12-60,1042,865,786
Resuttano,85014,Caltanissetta,2020-12-27T00:00:00,2021-09-15T00:00:00,>60,637,560,535
Riesi,85015,Caltanissetta,2020-12-27T00:00:00,2021-09-15T00:00:00,12-60,6814,4464,4039
Riesi,85015,Caltanissetta,2020-12-27T00:00:00,2021-09-15T00:00:00,>60,2822,2290,2158
San Cataldo,85016,Caltanissetta,2020-12-27T00:00:00,2021-09-15T00:00:00,12-60,13111,10046,9129
San Cataldo,85016,Caltanissetta,2020-12-27T00:00:00,2021-09-15T00:00:00,>60,5547,5062,4874
Santa Caterina Villarmosa,85017,Caltanissetta,2020-12-27T00:00:00,2021-09-15T00:00:00,12-60,2846,2245,1999
Santa Caterina Villarmosa,85017,Caltanissetta,2020-12-27T00:00:00,2021-09-15T00:00:00,>60,1639,1460,1374
Serradifalco,85018,Caltanissetta,2020-12-27T00:00:00,2021-09-15T00:00:00,12-60,3499,2631,2398
Serradifalco,85018,Caltanissetta,2020-12-27T00:00:00,2021-09-15T00:00:00,>60,1704,1502,1441
Sommatino,85019,Caltanissetta,2020-12-27T00:00:00,2021-09-15T00:00:00,12-60,3880,2858,2607
Sommatino,85019,Caltanissetta,2020-12-27T00:00:00,2021-09-15T00:00:00,>60,2064,1765,1678
Sutera,85020,Caltanissetta,2020-12-27T00:00:00,2021-09-15T00:00:00,12-60,693,589,566
Sutera,85020,Caltanissetta,2020-12-27T00:00:00,2021-09-15T00:00:00,>60,459,418,406
Vallelunga Pratameno,85021,Caltanissetta,2020-12-27T00:00:00,2021-09-15T00:00:00,12-60,1905,1233,1100
Vallelunga Pratameno,85021,Caltanissetta,2020-12-27T00:00:00,2021-09-15T00:00:00,>60,1020,891,860
Villalba,85022,Caltanissetta,2020-12-27T00:00:00,2021-09-15T00:00:00,12-60,840,590,538
Villalba,85022,Caltanissetta,2020-12-27T00:00:00,2021-09-15T00:00:00,>60,516,438,422
Aci Bonaccorsi,87001,Catania,2020-12-27T00:00:00,2021-09-15T00:00:00,12-60,2297,1472,1298
Aci Bonaccorsi,87001,Catania,2020-12-27T00:00:00,2021-09-15T00:00:00,>60,848,689,650
Aci Castello,87002,Catania,2020-12-27T00:00:00,2021-09-15T00:00:00,12-60,10714,6993,6295
Aci Castello,87002,Catania,2020-12-27T00:00:00,2021-09-15T00:00:00,>60,5262,4333,4141
Aci Catena,87003,Catania,2020-12-27T00:00:00,2021-09-15T00:00:00,12-60,18397,10671,9221
Aci Catena,87003,Catania,2020-12-27T00:00:00,2021-09-15T00:00:00,>60,5983,4735,4468
Aci Sant'Antonio,87005,Catania,2020-12-27T00:00:00,2021-09-15T00:00:00,12-60,11857,7210,6291
Aci Sant'Antonio,87005,Catania,2020-12-27T00:00:00,2021-09-15T00:00:00,>60,3833,3106,2922
Acireale,87004,Catania,2020-12-27T00:00:00,2021-09-15T00:00:00,12-60,31830,19717,16994
Acireale,87004,Catania,2020-12-27T00:00:00,2021-09-15T00:00:00,>60,13883,10702,10132
Adrano,87006,Catania,2020-12-27T00:00:00,2021-09-15T00:00:00,12-60,21452,12545,11261
Adrano,87006,Catania,2020-12-27T00:00:00,2021-09-15T00:00:00,>60,8040,6347,6042
Belpasso,87007,Catania,2020-12-27T00:00:00,2021-09-15T00:00:00,12-60,18142,10938,9642
Belpasso,87007,Catania,2020-12-27T00:00:00,2021-09-15T00:00:00,>60,5738,4623,4415
Biancavilla,87008,Catania,2020-12-27T00:00:00,2021-09-15T00:00:00,12-60,14544,9890,8883
Biancavilla,87008,Catania,2020-12-27T00:00:00,2021-09-15T00:00:00,>60,5433,4760,4554
Bronte,87009,Catania,2020-12-27T00:00:00,2021-09-15T00:00:00,12-60,11683,8236,7525
Bronte,87009,Catania,2020-12-27T00:00:00,2021-09-15T00:00:00,>60,4837,4249,4111
Calatabiano,87010,Catania,2020-12-27T00:00:00,2021-09-15T00:00:00,12-60,3168,1907,1654
Calatabiano,87010,Catania,2020-12-27T00:00:00,2021-09-15T00:00:00,>60,1479,1152,1081
Caltagirone,87011,Catania,2020-12-27T00:00:00,2021-09-15T00:00:00,12-60,22296,16484,14321
Caltagirone,87011,Catania,2020-12-27T00:00:00,2021-09-15T00:00:00,>60,9912,8829,8352
Camporotondo Etneo,87012,Catania,2020-12-27T00:00:00,2021-09-15T00:00:00,12-60,3478,1907,1621
Camporotondo Etneo,87012,Catania,2020-12-27T00:00:00,2021-09-15T00:00:00,>60,786,616,570
Castel di Iudica,87013,Catania,2020-12-27T00:00:00,2021-09-15T00:00:00,12-60,2704,1544,1234
Castel di Iudica,87013,Catania,2020-12-27T00:00:00,2021-09-15T00:00:00,>60,1243,897,800
Castiglione di Sicilia,87014,Catania,2020-12-27T00:00:00,2021-09-15T00:00:00,12-60,1780,1155,1001
Castiglione di Sicilia,87014,Catania,2020-12-27T00:00:00,2021-09-15T00:00:00,>60,937,723,680
Catania,87015,Catania,2020-12-27T00:00:00,2021-09-15T00:00:00,12-60,182280,131759,114771
Catania,87015,Catania,2020-12-27T00:00:00,2021-09-15T00:00:00,>60,80371,71708,67686
Fiumefreddo di Sicilia,87016,Catania,2020-12-27T00:00:00,2021-09-15T00:00:00,12-60,5655,3363,2937
Fiumefreddo di Sicilia,87016,Catania,2020-12-27T00:00:00,2021-09-15T00:00:00,>60,2571,1994,1845
Giarre,87017,Catania,2020-12-27T00:00:00,2021-09-15T00:00:00,12-60,16381,10566,9382
Giarre,87017,Catania,2020-12-27T00:00:00,2021-09-15T00:00:00,>60,7608,6264,5995
Grammichele,87018,Catania,2020-12-27T00:00:00,2021-09-15T00:00:00,12-60,7748,4925,4191
Grammichele,87018,Catania,2020-12-27T00:00:00,2021-09-15T00:00:00,>60,3647,3189,3024
Gravina di Catania,87019,Catania,2020-12-27T00:00:00,2021-09-15T00:00:00,12-60,15414,9225,8172
Gravina di Catania,87019,Catania,2020-12-27T00:00:00,2021-09-15T00:00:00,>60,7104,5142,4884
Licodia Eubea,87020,Catania,2020-12-27T00:00:00,2021-09-15T00:00:00,12-60,1832,1303,1114
Licodia Eubea,87020,Catania,2020-12-27T00:00:00,2021-09-15T00:00:00,>60,849,671,629
Linguaglossa,87021,Catania,2020-12-27T00:00:00,2021-09-15T00:00:00,12-60,3206,2215,2017
Linguaglossa,87021,Catania,2020-12-27T00:00:00,2021-09-15T00:00:00,>60,1405,1204,1141
Maletto,87022,Catania,2020-12-27T00:00:00,2021-09-15T00:00:00,12-60,2228,1633,1522
Maletto,87022,Catania,2020-12-27T00:00:00,2021-09-15T00:00:00,>60,1061,1014,990
Maniace,87057,Catania,2020-12-27T00:00:00,2021-09-15T00:00:00,12-60,2337,1171,1003
Maniace,87057,Catania,2020-12-27T00:00:00,2021-09-15T00:00:00,>60,837,637,600
Mascali,87023,Catania,2020-12-27T00:00:00,2021-09-15T00:00:00,12-60,9156,5574,4905
Mascali,87023,Catania,2020-12-27T00:00:00,2021-09-15T00:00:00,>60,3226,2582,2439
Mascalucia,87024,Catania,2020-12-27T00:00:00,2021-09-15T00:00:00,12-60,20020,12221,10737
Mascalucia,87024,Catania,2020-12-27T00:00:00,2021-09-15T00:00:00,>60,7087,5416,5155
Mazzarrone,87056,Catania,2020-12-27T00:00:00,2021-09-15T00:00:00,12-60,2505,1841,1561
Mazzarrone,87056,Catania,2020-12-27T00:00:00,2021-09-15T00:00:00,>60,920,755,706
Militello in Val di Catania,87025,Catania,2020-12-27T00:00:00,2021-09-15T00:00:00,12-60,4179,2793,2554
Militello in Val di Catania,87025,Catania,2020-12-27T00:00:00,2021-09-15T00:00:00,>60,2108,1614,1549
Milo,87026,Catania,2020-12-27T00:00:00,2021-09-15T00:00:00,12-60,619,455,425
Milo,87026,Catania,2020-12-27T00:00:00,2021-09-15T00:00:00,>60,324,282,274
Mineo,87027,Catania,2020-12-27T00:00:00,2021-09-15T00:00:00,12-60,2869,1918,1607
Mineo,87027,Catania,2020-12-27T00:00:00,2021-09-15T00:00:00,>60,1350,1219,1135
Mirabella Imbaccari,87028,Catania,2020-12-27T00:00:00,2021-09-15T00:00:00,12-60,2403,1466,1274
Mirabella Imbaccari,87028,Catania,2020-12-27T00:00:00,2021-09-15T00:00:00,>60,1517,1368,1300
Misterbianco,87029,Catania,2020-12-27T00:00:00,2021-09-15T00:00:00,12-60,32063,17297,14982
Misterbianco,87029,Catania,2020-12-27T00:00:00,2021-09-15T00:00:00,>60,10536,7559,7054
Motta Sant'Anastasia,87030,Catania,2020-12-27T00:00:00,2021-09-15T00:00:00,12-60,7914,4726,4070
Motta Sant'Anastasia,87030,Catania,2020-12-27T00:00:00,2021-09-15T00:00:00,>60,2650,2006,1878
Nicolosi,87031,Catania,2020-12-27T00:00:00,2021-09-15T00:00:00,12-60,4859,2910,2556
Nicolosi,87031,Catania,2020-12-27T00:00:00,2021-09-15T00:00:00,>60,1774,1311,1229
Palagonia,87032,Catania,2020-12-27T00:00:00,2021-09-15T00:00:00,12-60,10399,6303,5158
Palagonia,87032,Catania,2020-12-27T00:00:00,2021-09-15T00:00:00,>60,3613,2729,2485
Paternò,87033,Catania,2020-12-27T00:00:00,2021-09-15T00:00:00,12-60,29308,17984,16040
Paternò,87033,Catania,2020-12-27T00:00:00,2021-09-15T00:00:00,>60,11062,9126,8718
Pedara,87034,Catania,2020-12-27T00:00:00,2021-09-15T00:00:00,12-60,9567,5732,4997
Pedara,87034,Catania,2020-12-27T00:00:00,2021-09-15T00:00:00,>60,3244,2297,2188
Piedimonte Etneo,87035,Catania,2020-12-27T00:00:00,2021-09-15T00:00:00,12-60,2471,1545,1368
Piedimonte Etneo,87035,Catania,2020-12-27T00:00:00,2021-09-15T00:00:00,>60,1159,862,812
Raddusa,87036,Catania,2020-12-27T00:00:00,2021-09-15T00:00:00,12-60,1817,1190,943
Raddusa,87036,Catania,2020-12-27T00:00:00,2021-09-15T00:00:00,>60,762,619,561
Ragalna,87058,Catania,2020-12-27T00:00:00,2021-09-15T00:00:00,12-60,2606,1548,1398
Ragalna,87058,Catania,2020-12-27T00:00:00,2021-09-15T00:00:00,>60,1006,711,671
Ramacca,87037,Catania,2020-12-27T00:00:00,2021-09-15T00:00:00,12-60,6808,4366,3541
Ramacca,87037,Catania,2020-12-27T00:00:00,2021-09-15T00:00:00,>60,2376,2059,1874
Randazzo,87038,Catania,2020-12-27T00:00:00,2021-09-15T00:00:00,12-60,6407,4142,3593
Randazzo,87038,Catania,2020-12-27T00:00:00,2021-09-15T00:00:00,>60,3089,2595,2469
Riposto,87039,Catania,2020-12-27T00:00:00,2021-09-15T00:00:00,12-60,8643,5210,4478
Riposto,87039,Catania,2020-12-27T00:00:00,2021-09-15T00:00:00,>60,3984,3232,3056
San Cono,87040,Catania,2020-12-27T00:00:00,2021-09-15T00:00:00,12-60,1560,1110,943
San Cono,87040,Catania,2020-12-27T00:00:00,2021-09-15T00:00:00,>60,705,588,554
San Giovanni la Punta,87041,Catania,2020-12-27T00:00:00,2021-09-15T00:00:00,12-60,14357,9118,8070
San Giovanni la Punta,87041,Catania,2020-12-27T00:00:00,2021-09-15T00:00:00,>60,5917,4914,4704
San Gregorio di Catania,87042,Catania,2020-12-27T00:00:00,2021-09-15T00:00:00,12-60,7057,4817,4359
San Gregorio di Catania,87042,Catania,2020-12-27T00:00:00,2021-09-15T00:00:00,>60,3124,2639,2534
San Michele di Ganzaria,87043,Catania,2020-12-27T00:00:00,2021-09-15T00:00:00,12-60,1820,1139,951
San Michele di Ganzaria,87043,Catania,2020-12-27T00:00:00,2021-09-15T00:00:00,>60,996,759,683
San Pietro Clarenza,87044,Catania,2020-12-27T00:00:00,2021-09-15T00:00:00,12-60,5308,3026,2674
San Pietro Clarenza,87044,Catania,2020-12-27T00:00:00,2021-09-15T00:00:00,>60,1528,1157,1083
Sant'Agata li Battiati,87045,Catania,2020-12-27T00:00:00,2021-09-15T00:00:00,12-60,5540,3807,3457
Sant'Agata li Battiati,87045,Catania,2020-12-27T00:00:00,2021-09-15T00:00:00,>60,2868,2176,2106
Sant'Alfio,87046,Catania,2020-12-27T00:00:00,2021-09-15T00:00:00,12-60,946,593,541
Sant'Alfio,87046,Catania,2020-12-27T00:00:00,2021-09-15T00:00:00,>60,435,324,317
Santa Maria di Licodia,87047,Catania,2020-12-27T00:00:00,2021-09-15T00:00:00,12-60,4724,2780,2478
Santa Maria di Licodia,87047,Catania,2020-12-27T00:00:00,2021-09-15T00:00:00,>60,1735,1359,1287
Santa Venerina,87048,Catania,2020-12-27T00:00:00,2021-09-15T00:00:00,12-60,5384,3121,2582
Santa Venerina,87048,Catania,2020-12-27T00:00:00,2021-09-15T00:00:00,>60,2115,1577,1415
Scordia,87049,Catania,2020-12-27T00:00:00,2021-09-15T00:00:00,12-60,10269,7574,6944
Scordia,87049,Catania,2020-12-27T00:00:00,2021-09-15T00:00:00,>60,4315,3829,3685
Trecastagni,87050,Catania,2020-12-27T00:00:00,2021-09-15T00:00:00,12-60,7169,4530,3993
Trecastagni,87050,Catania,2020-12-27T00:00:00,2021-09-15T00:00:00,>60,2626,2015,1917
Tremestieri Etneo,87051,Catania,2020-12-27T00:00:00,2021-09-15T00:00:00,12-60,12484,7883,7090
Tremestieri Etneo,87051,Catania,2020-12-27T00:00:00,2021-09-15T00:00:00,>60,5297,4026,3856
Valverde,87052,Catania,2020-12-27T00:00:00,2021-09-15T00:00:00,12-60,4985,3194,2850
Valverde,87052,Catania,2020-12-27T00:00:00,2021-09-15T00:00:00,>60,1921,1471,1403
Viagrande,87053,Catania,2020-12-27T00:00:00,2021-09-15T00:00:00,12-60,5533,3516,3103
Viagrande,87053,Catania,2020-12-27T00:00:00,2021-09-15T00:00:00,>60,2081,1681,1580
Vizzini,87054,Catania,2020-12-27T00:00:00,2021-09-15T00:00:00,12-60,3489,2464,2147
Vizzini,87054,Catania,2020-12-27T00:00:00,2021-09-15T00:00:00,>60,1764,1581,1501
Zafferana Etnea,87055,Catania,2020-12-27T00:00:00,2021-09-15T00:00:00,12-60,6008,3752,3251
Zafferana Etnea,87055,Catania,2020-12-27T00:00:00,2021-09-15T00:00:00,>60,2378,1857,1782
Agira,86001,Enna,2020-12-27T00:00:00,2021-09-15T00:00:00,12-60,4935,2905,2209
Agira,86001,Enna,2020-12-27T00:00:00,2021-09-15T00:00:00,>60,2064,1618,1449
Aidone,86002,Enna,2020-12-27T00:00:00,2021-09-15T00:00:00,12-60,2747,1967,1757
Aidone,86002,Enna,2020-12-27T00:00:00,2021-09-15T00:00:00,>60,1400,1250,1198
Assoro,86003,Enna,2020-12-27T00:00:00,2021-09-15T00:00:00,12-60,3015,2035,1740
Assoro,86003,Enna,2020-12-27T00:00:00,2021-09-15T00:00:00,>60,1467,1224,1140
Barrafranca,86004,Enna,2020-12-27T00:00:00,2021-09-15T00:00:00,12-60,7397,5048,3754
Barrafranca,86004,Enna,2020-12-27T00:00:00,2021-09-15T00:00:00,>60,3343,2660,2284
Calascibetta,86005,Enna,2020-12-27T00:00:00,2021-09-15T00:00:00,12-60,2523,1960,1757
Calascibetta,86005,Enna,2020-12-27T00:00:00,2021-09-15T00:00:00,>60,1256,1128,1090
Catenanuova,86006,Enna,2020-12-27T00:00:00,2021-09-15T00:00:00,12-60,2912,1759,1393
Catenanuova,86006,Enna,2020-12-27T00:00:00,2021-09-15T00:00:00,>60,1179,986,901
Centuripe,86007,Enna,2020-12-27T00:00:00,2021-09-15T00:00:00,12-60,3135,1960,1657
Centuripe,86007,Enna,2020-12-27T00:00:00,2021-09-15T00:00:00,>60,1576,1391,1330
Cerami,86008,Enna,2020-12-27T00:00:00,2021-09-15T00:00:00,12-60,1098,905,818
Cerami,86008,Enna,2020-12-27T00:00:00,2021-09-15T00:00:00,>60,614,566,545
Enna,86009,Enna,2020-12-27T00:00:00,2021-09-15T00:00:00,12-60,15627,12683,11334
Enna,86009,Enna,2020-12-27T00:00:00,2021-09-15T00:00:00,>60,8160,7447,7105
Gagliano Castelferrato,86010,Enna,2020-12-27T00:00:00,2021-09-15T00:00:00,12-60,2023,1473,1358
Gagliano Castelferrato,86010,Enna,2020-12-27T00:00:00,2021-09-15T00:00:00,>60,1111,984,956
Leonforte,86011,Enna,2020-12-27T00:00:00,2021-09-15T00:00:00,12-60,8014,6137,5041
Leonforte,86011,Enna,2020-12-27T00:00:00,2021-09-15T00:00:00,>60,3395,2966,2737
Nicosia,86012,Enna,2020-12-27T00:00:00,2021-09-15T00:00:00,12-60,8087,6283,5740
Nicosia,86012,Enna,2020-12-27T00:00:00,2021-09-15T00:00:00,>60,3849,3423,3286
Nissoria,86013,Enna,2020-12-27T00:00:00,2021-09-15T00:00:00,12-60,1870,1214,1056
Nissoria,86013,Enna,2020-12-27T00:00:00,2021-09-15T00:00:00,>60,722,612,589
Piazza Armerina,86014,Enna,2020-12-27T00:00:00,2021-09-15T00:00:00,12-60,13037,8907,7953
Piazza Armerina,86014,Enna,2020-12-27T00:00:00,2021-09-15T00:00:00,>60,5886,4948,4734
Pietraperzia,86015,Enna,2020-12-27T00:00:00,2021-09-15T00:00:00,12-60,3839,2801,2355
Pietraperzia,86015,Enna,2020-12-27T00:00:00,2021-09-15T00:00:00,>60,1979,1700,1546
Regalbuto,86016,Enna,2020-12-27T00:00:00,2021-09-15T00:00:00,12-60,4254,2904,2533
Regalbuto,86016,Enna,2020-12-27T00:00:00,2021-09-15T00:00:00,>60,1896,1672,1602
Sperlinga,86017,Enna,2020-12-27T00:00:00,2021-09-15T00:00:00,12-60,388,315,287
Sperlinga,86017,Enna,2020-12-27T00:00:00,2021-09-15T00:00:00,>60,259,229,221
Troina,86018,Enna,2020-12-27T00:00:00,2021-09-15T00:00:00,12-60,5181,4104,3685
Troina,86018,Enna,2020-12-27T00:00:00,2021-09-15T00:00:00,>60,2825,2558,2435
Valguarnera Caropepe,86019,Enna,2020-12-27T00:00:00,2021-09-15T00:00:00,12-60,4344,3037,2717
Valguarnera Caropepe,86019,Enna,2020-12-27T00:00:00,2021-09-15T00:00:00,>60,2094,1834,1758
Villarosa,86020,Enna,2020-12-27T00:00:00,2021-09-15T00:00:00,12-60,2641,2045,1725
Villarosa,86020,Enna,2020-12-27T00:00:00,2021-09-15T00:00:00,>60,1412,1268,1217
Acquedolci,83107,Messina,2020-12-27T00:00:00,2021-09-15T00:00:00,12-60,3443,2409,2171
Acquedolci,83107,Messina,2020-12-27T00:00:00,2021-09-15T00:00:00,>60,1517,1236,1184
Alcara li Fusi,83001,Messina,2020-12-27T00:00:00,2021-09-15T00:00:00,12-60,960,749,660
Alcara li Fusi,83001,Messina,2020-12-27T00:00:00,2021-09-15T00:00:00,>60,719,640,615
Alì,83002,Messina,2020-12-27T00:00:00,2021-09-15T00:00:00,12-60,396,146,128
Alì,83002,Messina,2020-12-27T00:00:00,2021-09-15T00:00:00,>60,215,140,139
Alì Terme,83003,Messina,2020-12-27T00:00:00,2021-09-15T00:00:00,12-60,1424,727,611
Alì Terme,83003,Messina,2020-12-27T00:00:00,2021-09-15T00:00:00,>60,728,554,529
Antillo,83004,Messina,2020-12-27T00:00:00,2021-09-15T00:00:00,12-60,464,340,305
Antillo,83004,Messina,2020-12-27T00:00:00,2021-09-15T00:00:00,>60,289,228,220
Barcellona Pozzo di Gotto,83005,Messina,2020-12-27T00:00:00,2021-09-15T00:00:00,12-60,25159,17207,15335
Barcellona Pozzo di Gotto,83005,Messina,2020-12-27T00:00:00,2021-09-15T00:00:00,>60,10695,9383,8988
Basicò,83006,Messina,2020-12-27T00:00:00,2021-09-15T00:00:00,12-60,300,190,167
Basicò,83006,Messina,2020-12-27T00:00:00,2021-09-15T00:00:00,>60,221,178,165
Brolo,83007,Messina,2020-12-27T00:00:00,2021-09-15T00:00:00,12-60,3631,2899,2598
Brolo,83007,Messina,2020-12-27T00:00:00,2021-09-15T00:00:00,>60,1539,1459,1395
Capizzi,83008,Messina,2020-12-27T00:00:00,2021-09-15T00:00:00,12-60,1803,1180,1072
Capizzi,83008,Messina,2020-12-27T00:00:00,2021-09-15T00:00:00,>60,735,537,508
Capo d'Orlando,83009,Messina,2020-12-27T00:00:00,2021-09-15T00:00:00,12-60,8127,5835,5225
Capo d'Orlando,83009,Messina,2020-12-27T00:00:00,2021-09-15T00:00:00,>60,3809,3343,3214
Capri Leone,83010,Messina,2020-12-27T00:00:00,2021-09-15T00:00:00,12-60,2805,1921,1707
Capri Leone,83010,Messina,2020-12-27T00:00:00,2021-09-15T00:00:00,>60,1100,875,834
Caronia,83011,Messina,2020-12-27T00:00:00,2021-09-15T00:00:00,12-60,1858,1386,1200
Caronia,83011,Messina,2020-12-27T00:00:00,2021-09-15T00:00:00,>60,951,828,768
Casalvecchio Siculo,83012,Messina,2020-12-27T00:00:00,2021-09-15T00:00:00,12-60,423,268,243
Casalvecchio Siculo,83012,Messina,2020-12-27T00:00:00,2021-09-15T00:00:00,>60,266,201,192
Castel di Lucio,83013,Messina,2020-12-27T00:00:00,2021-09-15T00:00:00,12-60,685,548,483
Castel di Lucio,83013,Messina,2020-12-27T00:00:00,2021-09-15T00:00:00,>60,403,368,352
Castell'Umberto,83014,Messina,2020-12-27T00:00:00,2021-09-15T00:00:00,12-60,1767,1017,776
Castell'Umberto,83014,Messina,2020-12-27T00:00:00,2021-09-15T00:00:00,>60,915,741,657
Castelmola,83015,Messina,2020-12-27T00:00:00,2021-09-15T00:00:00,12-60,630,335,306
Castelmola,83015,Messina,2020-12-27T00:00:00,2021-09-15T00:00:00,>60,354,234,210
Castroreale,83016,Messina,2020-12-27T00:00:00,2021-09-15T00:00:00,12-60,1276,794,689
Castroreale,83016,Messina,2020-12-27T00:00:00,2021-09-15T00:00:00,>60,783,663,639
Cesarò,83017,Messina,2020-12-27T00:00:00,2021-09-15T00:00:00,12-60,1281,892,799
Cesarò,83017,Messina,2020-12-27T00:00:00,2021-09-15T00:00:00,>60,696,582,544
Condrò,83018,Messina,2020-12-27T00:00:00,2021-09-15T00:00:00,12-60,257,155,138
Condrò,83018,Messina,2020-12-27T00:00:00,2021-09-15T00:00:00,>60,153,114,107
Falcone,83019,Messina,2020-12-27T00:00:00,2021-09-15T00:00:00,12-60,1646,1069,908
Falcone,83019,Messina,2020-12-27T00:00:00,2021-09-15T00:00:00,>60,814,719,699
Ficarra,83020,Messina,2020-12-27T00:00:00,2021-09-15T00:00:00,12-60,748,581,521
Ficarra,83020,Messina,2020-12-27T00:00:00,2021-09-15T00:00:00,>60,511,446,430
Fiumedinisi,83021,Messina,2020-12-27T00:00:00,2021-09-15T00:00:00,12-60,770,279,228
Fiumedinisi,83021,Messina,2020-12-27T00:00:00,2021-09-15T00:00:00,>60,386,237,225
Floresta,83022,Messina,2020-12-27T00:00:00,2021-09-15T00:00:00,12-60,255,161,147
Floresta,83022,Messina,2020-12-27T00:00:00,2021-09-15T00:00:00,>60,164,115,109
Fondachelli-Fantina,83023,Messina,2020-12-27T00:00:00,2021-09-15T00:00:00,12-60,629,410,371
Fondachelli-Fantina,83023,Messina,2020-12-27T00:00:00,2021-09-15T00:00:00,>60,310,247,242
Forza d'Agrò,83024,Messina,2020-12-27T00:00:00,2021-09-15T00:00:00,12-60,520,320,299
Forza d'Agrò,83024,Messina,2020-12-27T00:00:00,2021-09-15T00:00:00,>60,258,209,202
Francavilla di Sicilia,83025,Messina,2020-12-27T00:00:00,2021-09-15T00:00:00,12-60,2079,1254,1076
Francavilla di Sicilia,83025,Messina,2020-12-27T00:00:00,2021-09-15T00:00:00,>60,1198,1009,962
Frazzanò,83026,Messina,2020-12-27T00:00:00,2021-09-15T00:00:00,12-60,329,233,212
Frazzanò,83026,Messina,2020-12-27T00:00:00,2021-09-15T00:00:00,>60,222,213,210
Furci Siculo,83027,Messina,2020-12-27T00:00:00,2021-09-15T00:00:00,12-60,1962,1180,988
Furci Siculo,83027,Messina,2020-12-27T00:00:00,2021-09-15T00:00:00,>60,926,733,697
Furnari,83028,Messina,2020-12-27T00:00:00,2021-09-15T00:00:00,12-60,2339,1331,1180
Furnari,83028,Messina,2020-12-27T00:00:00,2021-09-15T00:00:00,>60,1144,815,779
Gaggi,83029,Messina,2020-12-27T00:00:00,2021-09-15T00:00:00,12-60,1971,1026,876
Gaggi,83029,Messina,2020-12-27T00:00:00,2021-09-15T00:00:00,>60,783,559,504
Galati Mamertino,83030,Messina,2020-12-27T00:00:00,2021-09-15T00:00:00,12-60,1392,989,886
Galati Mamertino,83030,Messina,2020-12-27T00:00:00,2021-09-15T00:00:00,>60,833,757,717
Gallodoro,83031,Messina,2020-12-27T00:00:00,2021-09-15T00:00:00,12-60,201,127,119
Gallodoro,83031,Messina,2020-12-27T00:00:00,2021-09-15T00:00:00,>60,118,98,96
Giardini-Naxos,83032,Messina,2020-12-27T00:00:00,2021-09-15T00:00:00,12-60,5732,3172,2772
Giardini-Naxos,83032,Messina,2020-12-27T00:00:00,2021-09-15T00:00:00,>60,2645,1949,1868
Gioiosa Marea,83033,Messina,2020-12-27T00:00:00,2021-09-15T00:00:00,12-60,4112,2578,2194
Gioiosa Marea,83033,Messina,2020-12-27T00:00:00,2021-09-15T00:00:00,>60,2130,1646,1523
Graniti,83034,Messina,2020-12-27T00:00:00,2021-09-15T00:00:00,12-60,868,517,449
Graniti,83034,Messina,2020-12-27T00:00:00,2021-09-15T00:00:00,>60,439,358,344
Gualtieri Sicaminò,83035,Messina,2020-12-27T00:00:00,2021-09-15T00:00:00,12-60,918,549,496
Gualtieri Sicaminò,83035,Messina,2020-12-27T00:00:00,2021-09-15T00:00:00,>60,553,427,404
Itala,83036,Messina,2020-12-27T00:00:00,2021-09-15T00:00:00,12-60,921,430,369
Itala,83036,Messina,2020-12-27T00:00:00,2021-09-15T00:00:00,>60,449,311,294
Leni,83037,Messina,2020-12-27T00:00:00,2021-09-15T00:00:00,12-60,403,249,223
Leni,83037,Messina,2020-12-27T00:00:00,2021-09-15T00:00:00,>60,217,154,143
Letojanni,83038,Messina,2020-12-27T00:00:00,2021-09-15T00:00:00,12-60,1686,1112,986
Letojanni,83038,Messina,2020-12-27T00:00:00,2021-09-15T00:00:00,>60,769,634,606
Librizzi,83039,Messina,2020-12-27T00:00:00,2021-09-15T00:00:00,12-60,898,558,460
Librizzi,83039,Messina,2020-12-27T00:00:00,2021-09-15T00:00:00,>60,574,452,419
Limina,83040,Messina,2020-12-27T00:00:00,2021-09-15T00:00:00,12-60,369,312,297
Limina,83040,Messina,2020-12-27T00:00:00,2021-09-15T00:00:00,>60,312,256,249
Lipari,83041,Messina,2020-12-27T00:00:00,2021-09-15T00:00:00,12-60,7815,4667,4194
Lipari,83041,Messina,2020-12-27T00:00:00,2021-09-15T00:00:00,>60,3361,2447,2308
Longi,83042,Messina,2020-12-27T00:00:00,2021-09-15T00:00:00,12-60,846,627,574
Longi,83042,Messina,2020-12-27T00:00:00,2021-09-15T00:00:00,>60,401,357,342
Malfa,83043,Messina,2020-12-27T00:00:00,2021-09-15T00:00:00,12-60,633,414,376
Malfa,83043,Messina,2020-12-27T00:00:00,2021-09-15T00:00:00,>60,241,190,178
Malvagna,83044,Messina,2020-12-27T00:00:00,2021-09-15T00:00:00,12-60,380,292,275
Malvagna,83044,Messina,2020-12-27T00:00:00,2021-09-15T00:00:00,>60,229,196,188
Mandanici,83045,Messina,2020-12-27T00:00:00,2021-09-15T00:00:00,12-60,293,187,175
Mandanici,83045,Messina,2020-12-27T00:00:00,2021-09-15T00:00:00,>60,218,176,166
Mazzarrà Sant'Andrea,83046,Messina,2020-12-27T00:00:00,2021-09-15T00:00:00,12-60,819,509,456
Mazzarrà Sant'Andrea,83046,Messina,2020-12-27T00:00:00,2021-09-15T00:00:00,>60,457,364,354
Merì,83047,Messina,2020-12-27T00:00:00,2021-09-15T00:00:00,12-60,1500,896,768
Merì,83047,Messina,2020-12-27T00:00:00,2021-09-15T00:00:00,>60,542,442,406
Messina,83048,Messina,2020-12-27T00:00:00,2021-09-15T00:00:00,12-60,137268,82916,74263
Messina,83048,Messina,2020-12-27T00:00:00,2021-09-15T00:00:00,>60,66617,52382,50120
Milazzo,83049,Messina,2020-12-27T00:00:00,2021-09-15T00:00:00,12-60,18140,11815,10494
Milazzo,83049,Messina,2020-12-27T00:00:00,2021-09-15T00:00:00,>60,9085,7263,6964
Militello Rosmarino,83050,Messina,2020-12-27T00:00:00,2021-09-15T00:00:00,12-60,694,484,436
Militello Rosmarino,83050,Messina,2020-12-27T00:00:00,2021-09-15T00:00:00,>60,427,364,335
Mirto,83051,Messina,2020-12-27T00:00:00,2021-09-15T00:00:00,12-60,523,413,378
Mirto,83051,Messina,2020-12-27T00:00:00,2021-09-15T00:00:00,>60,317,291,286
Mistretta,83052,Messina,2020-12-27T00:00:00,2021-09-15T00:00:00,12-60,2694,2237,2123
Mistretta,83052,Messina,2020-12-27T00:00:00,2021-09-15T00:00:00,>60,1429,1284,1258
Moio Alcantara,83053,Messina,2020-12-27T00:00:00,2021-09-15T00:00:00,12-60,401,288,273
Moio Alcantara,83053,Messina,2020-12-27T00:00:00,2021-09-15T00:00:00,>60,228,202,197
Monforte San Giorgio,83054,Messina,2020-12-27T00:00:00,2021-09-15T00:00:00,12-60,1523,921,838
Monforte San Giorgio,83054,Messina,2020-12-27T00:00:00,2021-09-15T00:00:00,>60,848,660,637
Mongiuffi Melia,83055,Messina,2020-12-27T00:00:00,2021-09-15T00:00:00,12-60,325,235,220
Mongiuffi Melia,83055,Messina,2020-12-27T00:00:00,2021-09-15T00:00:00,>60,188,151,142
Montagnareale,83056,Messina,2020-12-27T00:00:00,2021-09-15T00:00:00,12-60,864,542,478
Montagnareale,83056,Messina,2020-12-27T00:00:00,2021-09-15T00:00:00,>60,460,359,334
Montalbano Elicona,83057,Messina,2020-12-27T00:00:00,2021-09-15T00:00:00,12-60,1152,699,580
Montalbano Elicona,83057,Messina,2020-12-27T00:00:00,2021-09-15T00:00:00,>60,763,659,629
Motta Camastra,83058,Messina,2020-12-27T00:00:00,2021-09-15T00:00:00,12-60,435,303,280
Motta Camastra,83058,Messina,2020-12-27T00:00:00,2021-09-15T00:00:00,>60,283,221,210
Motta d'Affermo,83059,Messina,2020-12-27T00:00:00,2021-09-15T00:00:00,12-60,364,274,263
Motta d'Affermo,83059,Messina,2020-12-27T00:00:00,2021-09-15T00:00:00,>60,269,252,246
Naso,83060,Messina,2020-12-27T00:00:00,2021-09-15T00:00:00,12-60,2032,1344,1103
Naso,83060,Messina,2020-12-27T00:00:00,2021-09-15T00:00:00,>60,1258,1073,1023
Nizza di Sicilia,83061,Messina,2020-12-27T00:00:00,2021-09-15T00:00:00,12-60,2190,1207,1037
Nizza di Sicilia,83061,Messina,2020-12-27T00:00:00,2021-09-15T00:00:00,>60,1045,781,756
Novara di Sicilia,83062,Messina,2020-12-27T00:00:00,2021-09-15T00:00:00,12-60,640,411,356
Novara di Sicilia,83062,Messina,2020-12-27T00:00:00,2021-09-15T00:00:00,>60,480,351,333
Oliveri,83063,Messina,2020-12-27T00:00:00,2021-09-15T00:00:00,12-60,1168,714,575
Oliveri,83063,Messina,2020-12-27T00:00:00,2021-09-15T00:00:00,>60,720,591,538
Pace del Mela,83064,Messina,2020-12-27T00:00:00,2021-09-15T00:00:00,12-60,3864,2203,1936
Pace del Mela,83064,Messina,2020-12-27T00:00:00,2021-09-15T00:00:00,>60,1635,1238,1191
Pagliara,83065,Messina,2020-12-27T00:00:00,2021-09-15T00:00:00,12-60,668,351,322
Pagliara,83065,Messina,2020-12-27T00:00:00,2021-09-15T00:00:00,>60,342,265,259
Patti,83066,Messina,2020-12-27T00:00:00,2021-09-15T00:00:00,12-60,7770,5195,4493
Patti,83066,Messina,2020-12-27T00:00:00,2021-09-15T00:00:00,>60,3829,3124,2956
Pettineo,83067,Messina,2020-12-27T00:00:00,2021-09-15T00:00:00,12-60,752,547,531
Pettineo,83067,Messina,2020-12-27T00:00:00,2021-09-15T00:00:00,>60,409,332,322
Piraino,83068,Messina,2020-12-27T00:00:00,2021-09-15T00:00:00,12-60,2354,1779,1589
Piraino,83068,Messina,2020-12-27T00:00:00,2021-09-15T00:00:00,>60,1104,985,946
Raccuja,83069,Messina,2020-12-27T00:00:00,2021-09-15T00:00:00,12-60,516,417,382
Raccuja,83069,Messina,2020-12-27T00:00:00,2021-09-15T00:00:00,>60,333,287,272
Reitano,83070,Messina,2020-12-27T00:00:00,2021-09-15T00:00:00,12-60,396,297,275
Reitano,83070,Messina,2020-12-27T00:00:00,2021-09-15T00:00:00,>60,262,227,221
Roccafiorita,83071,Messina,2020-12-27T00:00:00,2021-09-15T00:00:00,12-60,112,122,119
Roccafiorita,83071,Messina,2020-12-27T00:00:00,2021-09-15T00:00:00,>60,60,67,67
Roccalumera,83072,Messina,2020-12-27T00:00:00,2021-09-15T00:00:00,12-60,2359,1368,1206
Roccalumera,83072,Messina,2020-12-27T00:00:00,2021-09-15T00:00:00,>60,1248,1051,1012
Roccavaldina,83073,Messina,2020-12-27T00:00:00,2021-09-15T00:00:00,12-60,603,378,338
Roccavaldina,83073,Messina,2020-12-27T00:00:00,2021-09-15T00:00:00,>60,328,273,258
Roccella Valdemone,83074,Messina,2020-12-27T00:00:00,2021-09-15T00:00:00,12-60,329,232,201
Roccella Valdemone,83074,Messina,2020-12-27T00:00:00,2021-09-15T00:00:00,>60,212,198,190
Rodì Milici,83075,Messina,2020-12-27T00:00:00,2021-09-15T00:00:00,12-60,1180,786,699
Rodì Milici,83075,Messina,2020-12-27T00:00:00,2021-09-15T00:00:00,>60,632,521,499
Rometta,83076,Messina,2020-12-27T00:00:00,2021-09-15T00:00:00,12-60,3972,2313,1994
Rometta,83076,Messina,2020-12-27T00:00:00,2021-09-15T00:00:00,>60,1874,1438,1382
San Filippo del Mela,83077,Messina,2020-12-27T00:00:00,2021-09-15T00:00:00,12-60,4219,2406,2103
San Filippo del Mela,83077,Messina,2020-12-27T00:00:00,2021-09-15T00:00:00,>60,1828,1393,1324
San Fratello,83078,Messina,2020-12-27T00:00:00,2021-09-15T00:00:00,12-60,2090,1457,1268
San Fratello,83078,Messina,2020-12-27T00:00:00,2021-09-15T00:00:00,>60,1015,805,742
San Marco d'Alunzio,83079,Messina,2020-12-27T00:00:00,2021-09-15T00:00:00,12-60,1103,940,894
San Marco d'Alunzio,83079,Messina,2020-12-27T00:00:00,2021-09-15T00:00:00,>60,562,560,546
San Pier Niceto,83080,Messina,2020-12-27T00:00:00,2021-09-15T00:00:00,12-60,1521,1212,991
San Pier Niceto,83080,Messina,2020-12-27T00:00:00,2021-09-15T00:00:00,>60,907,848,794
San Piero Patti,83081,Messina,2020-12-27T00:00:00,2021-09-15T00:00:00,12-60,1542,1065,863
San Piero Patti,83081,Messina,2020-12-27T00:00:00,2021-09-15T00:00:00,>60,920,773,719
San Salvatore di Fitalia,83082,Messina,2020-12-27T00:00:00,2021-09-15T00:00:00,12-60,632,479,455
San Salvatore di Fitalia,83082,Messina,2020-12-27T00:00:00,2021-09-15T00:00:00,>60,451,408,401
San Teodoro,83090,Messina,2020-12-27T00:00:00,2021-09-15T00:00:00,12-60,760,518,468
San Teodoro,83090,Messina,2020-12-27T00:00:00,2021-09-15T00:00:00,>60,404,312,290
Sant'Agata di Militello,83084,Messina,2020-12-27T00:00:00,2021-09-15T00:00:00,12-60,7516,5417,4850
Sant'Agata di Militello,83084,Messina,2020-12-27T00:00:00,2021-09-15T00:00:00,>60,3689,3122,3002
Sant'Alessio Siculo,83085,Messina,2020-12-27T00:00:00,2021-09-15T00:00:00,12-60,899,529,474
Sant'Alessio Siculo,83085,Messina,2020-12-27T00:00:00,2021-09-15T00:00:00,>60,456,327,311
Sant'Angelo di Brolo,83088,Messina,2020-12-27T00:00:00,2021-09-15T00:00:00,12-60,1632,1125,943
Sant'Angelo di Brolo,83088,Messina,2020-12-27T00:00:00,2021-09-15T00:00:00,>60,1010,857,789
Santa Domenica Vittoria,83083,Messina,2020-12-27T00:00:00,2021-09-15T00:00:00,12-60,567,422,377
Santa Domenica Vittoria,83083,Messina,2020-12-27T00:00:00,2021-09-15T00:00:00,>60,245,232,223
Santa Lucia del Mela,83086,Messina,2020-12-27T00:00:00,2021-09-15T00:00:00,12-60,2752,1638,1372
Santa Lucia del Mela,83086,Messina,2020-12-27T00:00:00,2021-09-15T00:00:00,>60,1294,1048,1010
Santa Marina Salina,83087,Messina,2020-12-27T00:00:00,2021-09-15T00:00:00,12-60,518,357,339
Santa Marina Salina,83087,Messina,2020-12-27T00:00:00,2021-09-15T00:00:00,>60,265,182,175
Santa Teresa di Riva,83089,Messina,2020-12-27T00:00:00,2021-09-15T00:00:00,12-60,5760,3296,2818
Santa Teresa di Riva,83089,Messina,2020-12-27T00:00:00,2021-09-15T00:00:00,>60,2785,2069,1952
Santo Stefano di Camastra,83091,Messina,2020-12-27T00:00:00,2021-09-15T00:00:00,12-60,2701,1785,1579
Santo Stefano di Camastra,83091,Messina,2020-12-27T00:00:00,2021-09-15T00:00:00,>60,1372,1151,1092
Saponara,83092,Messina,2020-12-27T00:00:00,2021-09-15T00:00:00,12-60,2260,1366,1204
Saponara,83092,Messina,2020-12-27T00:00:00,2021-09-15T00:00:00,>60,1162,948,912
Savoca,83093,Messina,2020-12-27T00:00:00,2021-09-15T00:00:00,12-60,1067,575,468
Savoca,83093,Messina,2020-12-27T00:00:00,2021-09-15T00:00:00,>60,445,311,288
Scaletta Zanclea,83094,Messina,2020-12-27T00:00:00,2021-09-15T00:00:00,12-60,1125,566,456
Scaletta Zanclea,83094,Messina,2020-12-27T00:00:00,2021-09-15T00:00:00,>60,648,456,417
Sinagra,83095,Messina,2020-12-27T00:00:00,2021-09-15T00:00:00,12-60,1553,1105,878
Sinagra,83095,Messina,2020-12-27T00:00:00,2021-09-15T00:00:00,>60,772,615,556
Spadafora,83096,Messina,2020-12-27T00:00:00,2021-09-15T00:00:00,12-60,2888,1755,1538
Spadafora,83096,Messina,2020-12-27T00:00:00,2021-09-15T00:00:00,>60,1498,1158,1110
Taormina,83097,Messina,2020-12-27T00:00:00,2021-09-15T00:00:00,12-60,6474,3942,3536
Taormina,83097,Messina,2020-12-27T00:00:00,2021-09-15T00:00:00,>60,3116,2265,2161
Terme Vigliatore,83106,Messina,2020-12-27T00:00:00,2021-09-15T00:00:00,12-60,4475,2956,2628
Terme Vigliatore,83106,Messina,2020-12-27T00:00:00,2021-09-15T00:00:00,>60,1915,1635,1584
Torregrotta,83098,Messina,2020-12-27T00:00:00,2021-09-15T00:00:00,12-60,4565,2995,2599
Torregrotta,83098,Messina,2020-12-27T00:00:00,2021-09-15T00:00:00,>60,1904,1633,1560
Torrenova,83108,Messina,2020-12-27T00:00:00,2021-09-15T00:00:00,12-60,2918,1944,1750
Torrenova,83108,Messina,2020-12-27T00:00:00,2021-09-15T00:00:00,>60,1113,957,923
Tortorici,83099,Messina,2020-12-27T00:00:00,2021-09-15T00:00:00,12-60,3590,1792,1534
Tortorici,83099,Messina,2020-12-27T00:00:00,2021-09-15T00:00:00,>60,1785,1305,1242
Tripi,83100,Messina,2020-12-27T00:00:00,2021-09-15T00:00:00,12-60,427,285,267
Tripi,83100,Messina,2020-12-27T00:00:00,2021-09-15T00:00:00,>60,279,203,194
Tusa,83101,Messina,2020-12-27T00:00:00,2021-09-15T00:00:00,12-60,1592,1131,1040
Tusa,83101,Messina,2020-12-27T00:00:00,2021-09-15T00:00:00,>60,936,797,762
Ucria,83102,Messina,2020-12-27T00:00:00,2021-09-15T00:00:00,12-60,523,416,386
Ucria,83102,Messina,2020-12-27T00:00:00,2021-09-15T00:00:00,>60,352,304,301
Valdina,83103,Messina,2020-12-27T00:00:00,2021-09-15T00:00:00,12-60,827,483,423
Valdina,83103,Messina,2020-12-27T00:00:00,2021-09-15T00:00:00,>60,352,259,243
Venetico,83104,Messina,2020-12-27T00:00:00,2021-09-15T00:00:00,12-60,2421,1444,1257
Venetico,83104,Messina,2020-12-27T00:00:00,2021-09-15T00:00:00,>60,1122,871,824
Villafranca Tirrena,83105,Messina,2020-12-27T00:00:00,2021-09-15T00:00:00,12-60,5027,3029,2615
Villafranca Tirrena,83105,Messina,2020-12-27T00:00:00,2021-09-15T00:00:00,>60,2486,2034,1953
Alia,82001,Palermo,2020-12-27T00:00:00,2021-09-15T00:00:00,12-60,1932,1613,1399
Alia,82001,Palermo,2020-12-27T00:00:00,2021-09-15T00:00:00,>60,1164,960,887
Alimena,82002,Palermo,2020-12-27T00:00:00,2021-09-15T00:00:00,12-60,1037,731,673
Alimena,82002,Palermo,2020-12-27T00:00:00,2021-09-15T00:00:00,>60,695,555,524
Aliminusa,82003,Palermo,2020-12-27T00:00:00,2021-09-15T00:00:00,12-60,644,481,447
Aliminusa,82003,Palermo,2020-12-27T00:00:00,2021-09-15T00:00:00,>60,382,337,326
Altavilla Milicia,82004,Palermo,2020-12-27T00:00:00,2021-09-15T00:00:00,12-60,5326,3730,3381
Altavilla Milicia,82004,Palermo,2020-12-27T00:00:00,2021-09-15T00:00:00,>60,2077,1715,1639
Altofonte,82005,Palermo,2020-12-27T00:00:00,2021-09-15T00:00:00,12-60,6237,4255,3839
Altofonte,82005,Palermo,2020-12-27T00:00:00,2021-09-15T00:00:00,>60,2443,1993,1883
Bagheria,82006,Palermo,2020-12-27T00:00:00,2021-09-15T00:00:00,12-60,33753,23975,21340
Bagheria,82006,Palermo,2020-12-27T00:00:00,2021-09-15T00:00:00,>60,13178,11151,10619
Balestrate,82007,Palermo,2020-12-27T00:00:00,2021-09-15T00:00:00,12-60,3774,2780,2425
Balestrate,82007,Palermo,2020-12-27T00:00:00,2021-09-15T00:00:00,>60,1976,1740,1635
Baucina,82008,Palermo,2020-12-27T00:00:00,2021-09-15T00:00:00,12-60,1078,844,739
Baucina,82008,Palermo,2020-12-27T00:00:00,2021-09-15T00:00:00,>60,593,488,469
Belmonte Mezzagno,82009,Palermo,2020-12-27T00:00:00,2021-09-15T00:00:00,12-60,7113,5383,4837
Belmonte Mezzagno,82009,Palermo,2020-12-27T00:00:00,2021-09-15T00:00:00,>60,2440,2204,2115
Bisacquino,82010,Palermo,2020-12-27T00:00:00,2021-09-15T00:00:00,12-60,2431,1914,1760
Bisacquino,82010,Palermo,2020-12-27T00:00:00,2021-09-15T00:00:00,>60,1430,1292,1234
Blufi,82082,Palermo,2020-12-27T00:00:00,2021-09-15T00:00:00,12-60,489,329,275
Blufi,82082,Palermo,2020-12-27T00:00:00,2021-09-15T00:00:00,>60,364,287,261
Bolognetta,82011,Palermo,2020-12-27T00:00:00,2021-09-15T00:00:00,12-60,2543,1798,1633
Bolognetta,82011,Palermo,2020-12-27T00:00:00,2021-09-15T00:00:00,>60,1077,821,769
Bompietro,82012,Palermo,2020-12-27T00:00:00,2021-09-15T00:00:00,12-60,703,514,468
Bompietro,82012,Palermo,2020-12-27T00:00:00,2021-09-15T00:00:00,>60,486,402,383
Borgetto,82013,Palermo,2020-12-27T00:00:00,2021-09-15T00:00:00,12-60,4526,2937,2540
Borgetto,82013,Palermo,2020-12-27T00:00:00,2021-09-15T00:00:00,>60,1683,1280,1193
Caccamo,82014,Palermo,2020-12-27T00:00:00,2021-09-15T00:00:00,12-60,4825,3451,3108
Caccamo,82014,Palermo,2020-12-27T00:00:00,2021-09-15T00:00:00,>60,2362,2067,1990
Caltavuturo,82015,Palermo,2020-12-27T00:00:00,2021-09-15T00:00:00,12-60,2147,1639,1524
Caltavuturo,82015,Palermo,2020-12-27T00:00:00,2021-09-15T00:00:00,>60,1267,1153,1114
Campofelice di Fitalia,82016,Palermo,2020-12-27T00:00:00,2021-09-15T00:00:00,12-60,280,240,216
Campofelice di Fitalia,82016,Palermo,2020-12-27T00:00:00,2021-09-15T00:00:00,>60,140,117,113
Campofelice di Roccella,82017,Palermo,2020-12-27T00:00:00,2021-09-15T00:00:00,12-60,4845,3712,3388
Campofelice di Roccella,82017,Palermo,2020-12-27T00:00:00,2021-09-15T00:00:00,>60,1996,1783,1704
Campofiorito,82018,Palermo,2020-12-27T00:00:00,2021-09-15T00:00:00,12-60,673,522,470
Campofiorito,82018,Palermo,2020-12-27T00:00:00,2021-09-15T00:00:00,>60,412,380,375
Camporeale,82019,Palermo,2020-12-27T00:00:00,2021-09-15T00:00:00,12-60,1890,1440,1321
Camporeale,82019,Palermo,2020-12-27T00:00:00,2021-09-15T00:00:00,>60,811,719,700
Capaci,82020,Palermo,2020-12-27T00:00:00,2021-09-15T00:00:00,12-60,7319,5168,4600
Capaci,82020,Palermo,2020-12-27T00:00:00,2021-09-15T00:00:00,>60,2790,2323,2213
Carini,82021,Palermo,2020-12-27T00:00:00,2021-09-15T00:00:00,12-60,25216,17101,14999
Carini,82021,Palermo,2020-12-27T00:00:00,2021-09-15T00:00:00,>60,8325,6741,6392
Castelbuono,82022,Palermo,2020-12-27T00:00:00,2021-09-15T00:00:00,12-60,4986,3949,3641
Castelbuono,82022,Palermo,2020-12-27T00:00:00,2021-09-15T00:00:00,>60,2698,2553,2461
Casteldaccia,82023,Palermo,2020-12-27T00:00:00,2021-09-15T00:00:00,12-60,7290,5310,4789
Casteldaccia,82023,Palermo,2020-12-27T00:00:00,2021-09-15T00:00:00,>60,2776,2422,2286
Castellana Sicula,82024,Palermo,2020-12-27T00:00:00,2021-09-15T00:00:00,12-60,1828,1464,1339
Castellana Sicula,82024,Palermo,2020-12-27T00:00:00,2021-09-15T00:00:00,>60,1063,970,945
Castronovo di Sicilia,82025,Palermo,2020-12-27T00:00:00,2021-09-15T00:00:00,12-60,1724,1324,1201
Castronovo di Sicilia,82025,Palermo,2020-12-27T00:00:00,2021-09-15T00:00:00,>60,985,847,824
Cefalà Diana,82026,Palermo,2020-12-27T00:00:00,2021-09-15T00:00:00,12-60,602,506,455
Cefalà Diana,82026,Palermo,2020-12-27T00:00:00,2021-09-15T00:00:00,>60,271,256,246
Cefalù,82027,Palermo,2020-12-27T00:00:00,2021-09-15T00:00:00,12-60,8219,6642,6134
Cefalù,82027,Palermo,2020-12-27T00:00:00,2021-09-15T00:00:00,>60,4591,4209,4093
Cerda,82028,Palermo,2020-12-27T00:00:00,2021-09-15T00:00:00,12-60,3041,2222,1968
Cerda,82028,Palermo,2020-12-27T00:00:00,2021-09-15T00:00:00,>60,1405,1181,1128
Chiusa Sclafani,82029,Palermo,2020-12-27T00:00:00,2021-09-15T00:00:00,12-60,1501,1111,1006
Chiusa Sclafani,82029,Palermo,2020-12-27T00:00:00,2021-09-15T00:00:00,>60,934,804,770
Ciminna,82030,Palermo,2020-12-27T00:00:00,2021-09-15T00:00:00,12-60,1972,1410,1262
Ciminna,82030,Palermo,2020-12-27T00:00:00,2021-09-15T00:00:00,>60,1215,1009,949
Cinisi,82031,Palermo,2020-12-27T00:00:00,2021-09-15T00:00:00,12-60,7678,5535,4850
Cinisi,82031,Palermo,2020-12-27T00:00:00,2021-09-15T00:00:00,>60,2870,2495,2381
Collesano,82032,Palermo,2020-12-27T00:00:00,2021-09-15T00:00:00,12-60,2173,1724,1568
Collesano,82032,Palermo,2020-12-27T00:00:00,2021-09-15T00:00:00,>60,1313,1192,1157
Contessa Entellina,82033,Palermo,2020-12-27T00:00:00,2021-09-15T00:00:00,12-60,891,727,665
Contessa Entellina,82033,Palermo,2020-12-27T00:00:00,2021-09-15T00:00:00,>60,546,509,490
Corleone,82034,Palermo,2020-12-27T00:00:00,2021-09-15T00:00:00,12-60,6617,4899,4410
Corleone,82034,Palermo,2020-12-27T00:00:00,2021-09-15T00:00:00,>60,2958,2541,2447
Ficarazzi,82035,Palermo,2020-12-27T00:00:00,2021-09-15T00:00:00,12-60,8566,5828,5160
Ficarazzi,82035,Palermo,2020-12-27T00:00:00,2021-09-15T00:00:00,>60,2366,2013,1881
Gangi,82036,Palermo,2020-12-27T00:00:00,2021-09-15T00:00:00,12-60,3609,2883,2700
Gangi,82036,Palermo,2020-12-27T00:00:00,2021-09-15T00:00:00,>60,2247,2073,2011
Geraci Siculo,82037,Palermo,2020-12-27T00:00:00,2021-09-15T00:00:00,12-60,1060,843,783
Geraci Siculo,82037,Palermo,2020-12-27T00:00:00,2021-09-15T00:00:00,>60,605,551,538
Giardinello,82038,Palermo,2020-12-27T00:00:00,2021-09-15T00:00:00,12-60,1449,1104,973
Giardinello,82038,Palermo,2020-12-27T00:00:00,2021-09-15T00:00:00,>60,538,483,456
Giuliana,82039,Palermo,2020-12-27T00:00:00,2021-09-15T00:00:00,12-60,965,816,791
Giuliana,82039,Palermo,2020-12-27T00:00:00,2021-09-15T00:00:00,>60,665,654,644
Godrano,82040,Palermo,2020-12-27T00:00:00,2021-09-15T00:00:00,12-60,684,530,481
Godrano,82040,Palermo,2020-12-27T00:00:00,2021-09-15T00:00:00,>60,306,281,276
Gratteri,82041,Palermo,2020-12-27T00:00:00,2021-09-15T00:00:00,12-60,471,366,329
Gratteri,82041,Palermo,2020-12-27T00:00:00,2021-09-15T00:00:00,>60,346,306,296
Isnello,82042,Palermo,2020-12-27T00:00:00,2021-09-15T00:00:00,12-60,776,665,629
Isnello,82042,Palermo,2020-12-27T00:00:00,2021-09-15T00:00:00,>60,515,512,494
Isola delle Femmine,82043,Palermo,2020-12-27T00:00:00,2021-09-15T00:00:00,12-60,4652,3267,2864
Isola delle Femmine,82043,Palermo,2020-12-27T00:00:00,2021-09-15T00:00:00,>60,1631,1350,1270
Lascari,82044,Palermo,2020-12-27T00:00:00,2021-09-15T00:00:00,12-60,2274,1680,1546
Lascari,82044,Palermo,2020-12-27T00:00:00,2021-09-15T00:00:00,>60,1022,961,918
Lercara Friddi,82045,Palermo,2020-12-27T00:00:00,2021-09-15T00:00:00,12-60,3911,3043,2766
Lercara Friddi,82045,Palermo,2020-12-27T00:00:00,2021-09-15T00:00:00,>60,1885,1746,1681
Marineo,82046,Palermo,2020-12-27T00:00:00,2021-09-15T00:00:00,12-60,3824,2802,2526
Marineo,82046,Palermo,2020-12-27T00:00:00,2021-09-15T00:00:00,>60,1792,1569,1494
Mezzojuso,82047,Palermo,2020-12-27T00:00:00,2021-09-15T00:00:00,12-60,1668,1230,1032
Mezzojuso,82047,Palermo,2020-12-27T00:00:00,2021-09-15T00:00:00,>60,826,692,648
Misilmeri,82048,Palermo,2020-12-27T00:00:00,2021-09-15T00:00:00,12-60,18469,13392,11956
Misilmeri,82048,Palermo,2020-12-27T00:00:00,2021-09-15T00:00:00,>60,6452,5634,5337
Monreale,82049,Palermo,2020-12-27T00:00:00,2021-09-15T00:00:00,12-60,24152,17247,15367
Monreale,82049,Palermo,2020-12-27T00:00:00,2021-09-15T00:00:00,>60,8593,7348,7026
Montelepre,82050,Palermo,2020-12-27T00:00:00,2021-09-15T00:00:00,12-60,3670,2697,2351
Montelepre,82050,Palermo,2020-12-27T00:00:00,2021-09-15T00:00:00,>60,1602,1470,1370
Montemaggiore Belsito,82051,Palermo,2020-12-27T00:00:00,2021-09-15T00:00:00,12-60,1687,1313,1171
Montemaggiore Belsito,82051,Palermo,2020-12-27T00:00:00,2021-09-15T00:00:00,>60,1140,982,931
Palazzo Adriano,82052,Palermo,2020-12-27T00:00:00,2021-09-15T00:00:00,12-60,1140,1130,1048
Palazzo Adriano,82052,Palermo,2020-12-27T00:00:00,2021-09-15T00:00:00,>60,622,652,620
Palermo,82053,Palermo,2020-12-27T00:00:00,2021-09-15T00:00:00,12-60,398220,318632,286054
Palermo,82053,Palermo,2020-12-27T00:00:00,2021-09-15T00:00:00,>60,172815,157805,151276
Partinico,82054,Palermo,2020-12-27T00:00:00,2021-09-15T00:00:00,12-60,19325,13721,11842
Partinico,82054,Palermo,2020-12-27T00:00:00,2021-09-15T00:00:00,>60,7995,6833,6439
Petralia Soprana,82055,Palermo,2020-12-27T00:00:00,2021-09-15T00:00:00,12-60,1786,1282,1156
Petralia Soprana,82055,Palermo,2020-12-27T00:00:00,2021-09-15T00:00:00,>60,1061,833,787
Petralia Sottana,82056,Palermo,2020-12-27T00:00:00,2021-09-15T00:00:00,12-60,1419,1128,1083
Petralia Sottana,82056,Palermo,2020-12-27T00:00:00,2021-09-15T00:00:00,>60,937,741,721
Piana degli Albanesi,82057,Palermo,2020-12-27T00:00:00,2021-09-15T00:00:00,12-60,3536,2583,2294
Piana degli Albanesi,82057,Palermo,2020-12-27T00:00:00,2021-09-15T00:00:00,>60,1743,1581,1534
Polizzi Generosa,82058,Palermo,2020-12-27T00:00:00,2021-09-15T00:00:00,12-60,1700,1226,1116
Polizzi Generosa,82058,Palermo,2020-12-27T00:00:00,2021-09-15T00:00:00,>60,1175,1000,941
Pollina,82059,Palermo,2020-12-27T00:00:00,2021-09-15T00:00:00,12-60,1699,1324,1169
Pollina,82059,Palermo,2020-12-27T00:00:00,2021-09-15T00:00:00,>60,929,859,835
Prizzi,82060,Palermo,2020-12-27T00:00:00,2021-09-15T00:00:00,12-60,2642,2160,2030
Prizzi,82060,Palermo,2020-12-27T00:00:00,2021-09-15T00:00:00,>60,1422,1321,1268
Roccamena,82061,Palermo,2020-12-27T00:00:00,2021-09-15T00:00:00,12-60,801,623,576
Roccamena,82061,Palermo,2020-12-27T00:00:00,2021-09-15T00:00:00,>60,458,403,392
Roccapalumba,82062,Palermo,2020-12-27T00:00:00,2021-09-15T00:00:00,12-60,1321,1040,959
Roccapalumba,82062,Palermo,2020-12-27T00:00:00,2021-09-15T00:00:00,>60,730,671,652
San Cipirello,82063,Palermo,2020-12-27T00:00:00,2021-09-15T00:00:00,12-60,3283,2165,1879
San Cipirello,82063,Palermo,2020-12-27T00:00:00,2021-09-15T00:00:00,>60,1269,1021,967
San Giuseppe Jato,82064,Palermo,2020-12-27T00:00:00,2021-09-15T00:00:00,12-60,5166,3513,3064
San Giuseppe Jato,82064,Palermo,2020-12-27T00:00:00,2021-09-15T00:00:00,>60,2174,1910,1827
San Mauro Castelverde,82065,Palermo,2020-12-27T00:00:00,2021-09-15T00:00:00,12-60,780,496,437
San Mauro Castelverde,82065,Palermo,2020-12-27T00:00:00,2021-09-15T00:00:00,>60,545,405,394
Santa Cristina Gela,82066,Palermo,2020-12-27T00:00:00,2021-09-15T00:00:00,12-60,644,529,486
Santa Cristina Gela,82066,Palermo,2020-12-27T00:00:00,2021-09-15T00:00:00,>60,234,184,173
Santa Flavia,82067,Palermo,2020-12-27T00:00:00,2021-09-15T00:00:00,12-60,6892,4554,3986
Santa Flavia,82067,Palermo,2020-12-27T00:00:00,2021-09-15T00:00:00,>60,2840,2179,2030
Sciara,82068,Palermo,2020-12-27T00:00:00,2021-09-15T00:00:00,12-60,1574,1122,905
Sciara,82068,Palermo,2020-12-27T00:00:00,2021-09-15T00:00:00,>60,709,587,546
Scillato,82081,Palermo,2020-12-27T00:00:00,2021-09-15T00:00:00,12-60,341,286,258
Scillato,82081,Palermo,2020-12-27T00:00:00,2021-09-15T00:00:00,>60,229,201,195
Sclafani Bagni,82069,Palermo,2020-12-27T00:00:00,2021-09-15T00:00:00,12-60,219,175,164
Sclafani Bagni,82069,Palermo,2020-12-27T00:00:00,2021-09-15T00:00:00,>60,147,138,137
Termini Imerese,82070,Palermo,2020-12-27T00:00:00,2021-09-15T00:00:00,12-60,15600,11702,10312
Termini Imerese,82070,Palermo,2020-12-27T00:00:00,2021-09-15T00:00:00,>60,7113,6459,6187
Terrasini,82071,Palermo,2020-12-27T00:00:00,2021-09-15T00:00:00,12-60,7862,5547,4744
Terrasini,82071,Palermo,2020-12-27T00:00:00,2021-09-15T00:00:00,>60,3154,2638,2491
Torretta,82072,Palermo,2020-12-27T00:00:00,2021-09-15T00:00:00,12-60,2701,1808,1603
Torretta,82072,Palermo,2020-12-27T00:00:00,2021-09-15T00:00:00,>60,940,741,699
Trabia,82073,Palermo,2020-12-27T00:00:00,2021-09-15T00:00:00,12-60,6505,4431,3789
Trabia,82073,Palermo,2020-12-27T00:00:00,2021-09-15T00:00:00,>60,2686,2203,2105
Trappeto,82074,Palermo,2020-12-27T00:00:00,2021-09-15T00:00:00,12-60,1723,1160,992
Trappeto,82074,Palermo,2020-12-27T00:00:00,2021-09-15T00:00:00,>60,974,805,762
Ustica,82075,Palermo,2020-12-27T00:00:00,2021-09-15T00:00:00,12-60,741,696,671
Ustica,82075,Palermo,2020-12-27T00:00:00,2021-09-15T00:00:00,>60,435,402,396
Valledolmo,82076,Palermo,2020-12-27T00:00:00,2021-09-15T00:00:00,12-60,1915,1469,1376
Valledolmo,82076,Palermo,2020-12-27T00:00:00,2021-09-15T00:00:00,>60,1126,891,858
Ventimiglia di Sicilia,82077,Palermo,2020-12-27T00:00:00,2021-09-15T00:00:00,12-60,1105,926,863
Ventimiglia di Sicilia,82077,Palermo,2020-12-27T00:00:00,2021-09-15T00:00:00,>60,578,527,510
Vicari,82078,Palermo,2020-12-27T00:00:00,2021-09-15T00:00:00,12-60,1441,1076,1013
Vicari,82078,Palermo,2020-12-27T00:00:00,2021-09-15T00:00:00,>60,859,721,692
Villabate,82079,Palermo,2020-12-27T00:00:00,2021-09-15T00:00:00,12-60,12899,8437,7387
Villabate,82079,Palermo,2020-12-27T00:00:00,2021-09-15T00:00:00,>60,3969,3059,2881
Villafrati,82080,Palermo,2020-12-27T00:00:00,2021-09-15T00:00:00,12-60,1851,1514,1401
Villafrati,82080,Palermo,2020-12-27T00:00:00,2021-09-15T00:00:00,>60,976,926,889
Acate,88001,Ragusa,2020-12-27T00:00:00,2021-09-15T00:00:00,12-60,7627,4512,3621
Acate,88001,Ragusa,2020-12-27T00:00:00,2021-09-15T00:00:00,>60,1981,1820,1714
Chiaramonte Gulfi,88002,Ragusa,2020-12-27T00:00:00,2021-09-15T00:00:00,12-60,4935,3467,2977
Chiaramonte Gulfi,88002,Ragusa,2020-12-27T00:00:00,2021-09-15T00:00:00,>60,2270,2035,1941
Comiso,88003,Ragusa,2020-12-27T00:00:00,2021-09-15T00:00:00,12-60,19309,13831,11377
Comiso,88003,Ragusa,2020-12-27T00:00:00,2021-09-15T00:00:00,>60,7520,6570,6099
Giarratana,88004,Ragusa,2020-12-27T00:00:00,2021-09-15T00:00:00,12-60,1657,1359,1228
Giarratana,88004,Ragusa,2020-12-27T00:00:00,2021-09-15T00:00:00,>60,952,944,922
Ispica,88005,Ragusa,2020-12-27T00:00:00,2021-09-15T00:00:00,12-60,10365,7241,6196
Ispica,88005,Ragusa,2020-12-27T00:00:00,2021-09-15T00:00:00,>60,4173,3813,3635
Modica,88006,Ragusa,2020-12-27T00:00:00,2021-09-15T00:00:00,12-60,33766,26339,23145
Modica,88006,Ragusa,2020-12-27T00:00:00,2021-09-15T00:00:00,>60,14061,13000,12484
Monterosso Almo,88007,Ragusa,2020-12-27T00:00:00,2021-09-15T00:00:00,12-60,1686,1323,1179
Monterosso Almo,88007,Ragusa,2020-12-27T00:00:00,2021-09-15T00:00:00,>60,918,878,852
Pozzallo,88008,Ragusa,2020-12-27T00:00:00,2021-09-15T00:00:00,12-60,11949,8567,7634
Pozzallo,88008,Ragusa,2020-12-27T00:00:00,2021-09-15T00:00:00,>60,4890,4409,4269
Ragusa,88009,Ragusa,2020-12-27T00:00:00,2021-09-15T00:00:00,12-60,43964,35432,32146
Ragusa,88009,Ragusa,2020-12-27T00:00:00,2021-09-15T00:00:00,>60,20220,19519,18968
Santa Croce Camerina,88010,Ragusa,2020-12-27T00:00:00,2021-09-15T00:00:00,12-60,7172,5222,4398
Santa Croce Camerina,88010,Ragusa,2020-12-27T00:00:00,2021-09-15T00:00:00,>60,2434,2186,2072
Scicli,88011,Ragusa,2020-12-27T00:00:00,2021-09-15T00:00:00,12-60,16752,11704,10477
Scicli,88011,Ragusa,2020-12-27T00:00:00,2021-09-15T00:00:00,>60,7218,6367,6178
Vittoria,88012,Ragusa,2020-12-27T00:00:00,2021-09-15T00:00:00,12-60,40630,28612,23241
Vittoria,88012,Ragusa,2020-12-27T00:00:00,2021-09-15T00:00:00,>60,14017,12666,11869
Augusta,89001,Siracusa,2020-12-27T00:00:00,2021-09-15T00:00:00,12-60,21304,14204,11907
Augusta,89001,Siracusa,2020-12-27T00:00:00,2021-09-15T00:00:00,>60,9995,8163,7785
Avola,89002,Siracusa,2020-12-27T00:00:00,2021-09-15T00:00:00,12-60,19192,13428,10865
Avola,89002,Siracusa,2020-12-27T00:00:00,2021-09-15T00:00:00,>60,8136,6896,6410
Buccheri,89003,Siracusa,2020-12-27T00:00:00,2021-09-15T00:00:00,12-60,1018,640,587
Buccheri,89003,Siracusa,2020-12-27T00:00:00,2021-09-15T00:00:00,>60,689,613,592
Buscemi,89004,Siracusa,2020-12-27T00:00:00,2021-09-15T00:00:00,12-60,600,467,446
Buscemi,89004,Siracusa,2020-12-27T00:00:00,2021-09-15T00:00:00,>60,308,273,268
Canicattini Bagni,89005,Siracusa,2020-12-27T00:00:00,2021-09-15T00:00:00,12-60,4031,2456,2116
Canicattini Bagni,89005,Siracusa,2020-12-27T00:00:00,2021-09-15T00:00:00,>60,2000,1595,1519
Carlentini,89006,Siracusa,2020-12-27T00:00:00,2021-09-15T00:00:00,12-60,10262,6287,5610
Carlentini,89006,Siracusa,2020-12-27T00:00:00,2021-09-15T00:00:00,>60,4966,4120,3970
Cassaro,89007,Siracusa,2020-12-27T00:00:00,2021-09-15T00:00:00,12-60,428,289,258
Cassaro,89007,Siracusa,2020-12-27T00:00:00,2021-09-15T00:00:00,>60,252,215,211
Ferla,89008,Siracusa,2020-12-27T00:00:00,2021-09-15T00:00:00,12-60,1377,741,589
Ferla,89008,Siracusa,2020-12-27T00:00:00,2021-09-15T00:00:00,>60,776,651,614
Floridia,89009,Siracusa,2020-12-27T00:00:00,2021-09-15T00:00:00,12-60,13879,8357,6999
Floridia,89009,Siracusa,2020-12-27T00:00:00,2021-09-15T00:00:00,>60,4928,4136,3923
Francofonte,89010,Siracusa,2020-12-27T00:00:00,2021-09-15T00:00:00,12-60,7228,3569,2974
Francofonte,89010,Siracusa,2020-12-27T00:00:00,2021-09-15T00:00:00,>60,3322,2443,2288
Lentini,89011,Siracusa,2020-12-27T00:00:00,2021-09-15T00:00:00,12-60,13167,7775,6872
Lentini,89011,Siracusa,2020-12-27T00:00:00,2021-09-15T00:00:00,>60,6698,5342,5104
Melilli,89012,Siracusa,2020-12-27T00:00:00,2021-09-15T00:00:00,12-60,8564,5320,4476
Melilli,89012,Siracusa,2020-12-27T00:00:00,2021-09-15T00:00:00,>60,3314,2782,2617
Noto,89013,Siracusa,2020-12-27T00:00:00,2021-09-15T00:00:00,12-60,14996,9254,7698
Noto,89013,Siracusa,2020-12-27T00:00:00,2021-09-15T00:00:00,>60,6191,5100,4803
Pachino,89014,Siracusa,2020-12-27T00:00:00,2021-09-15T00:00:00,12-60,14189,10422,8725
Pachino,89014,Siracusa,2020-12-27T00:00:00,2021-09-15T00:00:00,>60,5118,4554,4330
Palazzolo Acreide,89015,Siracusa,2020-12-27T00:00:00,2021-09-15T00:00:00,12-60,5005,3804,3364
Palazzolo Acreide,89015,Siracusa,2020-12-27T00:00:00,2021-09-15T00:00:00,>60,2609,2343,2218
Portopalo di Capo Passero,89020,Siracusa,2020-12-27T00:00:00,2021-09-15T00:00:00,12-60,2441,1601,1374
Portopalo di Capo Passero,89020,Siracusa,2020-12-27T00:00:00,2021-09-15T00:00:00,>60,963,803,751
Priolo Gargallo,89021,Siracusa,2020-12-27T00:00:00,2021-09-15T00:00:00,12-60,7358,4674,3720
Priolo Gargallo,89021,Siracusa,2020-12-27T00:00:00,2021-09-15T00:00:00,>60,2931,2406,2248
Rosolini,89016,Siracusa,2020-12-27T00:00:00,2021-09-15T00:00:00,12-60,13159,9401,7573
Rosolini,89016,Siracusa,2020-12-27T00:00:00,2021-09-15T00:00:00,>60,5151,4765,4405
Siracusa,89017,Siracusa,2020-12-27T00:00:00,2021-09-15T00:00:00,12-60,72824,48946,41991
Siracusa,89017,Siracusa,2020-12-27T00:00:00,2021-09-15T00:00:00,>60,33272,27953,26691
Solarino,89018,Siracusa,2020-12-27T00:00:00,2021-09-15T00:00:00,12-60,4887,2845,2397
Solarino,89018,Siracusa,2020-12-27T00:00:00,2021-09-15T00:00:00,>60,1879,1547,1458
Sortino,89019,Siracusa,2020-12-27T00:00:00,2021-09-15T00:00:00,12-60,5017,3473,2943
Sortino,89019,Siracusa,2020-12-27T00:00:00,2021-09-15T00:00:00,>60,2550,2270,2130
Alcamo,81001,Trapani,2020-12-27T00:00:00,2021-09-15T00:00:00,12-60,27737,21482,19478
Alcamo,81001,Trapani,2020-12-27T00:00:00,2021-09-15T00:00:00,>60,12570,11852,11501
Buseto Palizzolo,81002,Trapani,2020-12-27T00:00:00,2021-09-15T00:00:00,12-60,1663,1273,1139
Buseto Palizzolo,81002,Trapani,2020-12-27T00:00:00,2021-09-15T00:00:00,>60,835,728,689
Calatafimi-Segesta,81003,Trapani,2020-12-27T00:00:00,2021-09-15T00:00:00,12-60,3648,2881,2688
Calatafimi-Segesta,81003,Trapani,2020-12-27T00:00:00,2021-09-15T00:00:00,>60,2075,1976,1925
Campobello di Mazara,81004,Trapani,2020-12-27T00:00:00,2021-09-15T00:00:00,12-60,6780,4263,3648
Campobello di Mazara,81004,Trapani,2020-12-27T00:00:00,2021-09-15T00:00:00,>60,3592,2776,2604
Castellammare del Golfo,81005,Trapani,2020-12-27T00:00:00,2021-09-15T00:00:00,12-60,9172,6396,5589
Castellammare del Golfo,81005,Trapani,2020-12-27T00:00:00,2021-09-15T00:00:00,>60,4040,3439,3305
Castelvetrano,81006,Trapani,2020-12-27T00:00:00,2021-09-15T00:00:00,12-60,18886,12748,10901
Castelvetrano,81006,Trapani,2020-12-27T00:00:00,2021-09-15T00:00:00,>60,8607,7285,6919
Custonaci,81007,Trapani,2020-12-27T00:00:00,2021-09-15T00:00:00,12-60,3338,2148,1747
Custonaci,81007,Trapani,2020-12-27T00:00:00,2021-09-15T00:00:00,>60,1472,1171,1083
Erice,81008,Trapani,2020-12-27T00:00:00,2021-09-15T00:00:00,12-60,16229,11564,10155
Erice,81008,Trapani,2020-12-27T00:00:00,2021-09-15T00:00:00,>60,7652,6485,6226
Favignana,81009,Trapani,2020-12-27T00:00:00,2021-09-15T00:00:00,12-60,2536,2036,1853
Favignana,81009,Trapani,2020-12-27T00:00:00,2021-09-15T00:00:00,>60,1424,1114,1071
Gibellina,81010,Trapani,2020-12-27T00:00:00,2021-09-15T00:00:00,12-60,2278,1806,1634
Gibellina,81010,Trapani,2020-12-27T00:00:00,2021-09-15T00:00:00,>60,1254,1142,1090
Marsala,81011,Trapani,2020-12-27T00:00:00,2021-09-15T00:00:00,12-60,49276,35980,31917
Marsala,81011,Trapani,2020-12-27T00:00:00,2021-09-15T00:00:00,>60,23179,21080,20138
Mazara del Vallo,81012,Trapani,2020-12-27T00:00:00,2021-09-15T00:00:00,12-60,31354,23727,20499
Mazara del Vallo,81012,Trapani,2020-12-27T00:00:00,2021-09-15T00:00:00,>60,13346,12139,11551
Paceco,81013,Trapani,2020-12-27T00:00:00,2021-09-15T00:00:00,12-60,6743,4673,4057
Paceco,81013,Trapani,2020-12-27T00:00:00,2021-09-15T00:00:00,>60,3141,2688,2547
Pantelleria,81014,Trapani,2020-12-27T00:00:00,2021-09-15T00:00:00,12-60,4630,2861,2243
Pantelleria,81014,Trapani,2020-12-27T00:00:00,2021-09-15T00:00:00,>60,2036,1618,1421
Partanna,81015,Trapani,2020-12-27T00:00:00,2021-09-15T00:00:00,12-60,5978,4721,4281
Partanna,81015,Trapani,2020-12-27T00:00:00,2021-09-15T00:00:00,>60,3158,2956,2868
Petrosino,81024,Trapani,2020-12-27T00:00:00,2021-09-15T00:00:00,12-60,4990,3085,2694
Petrosino,81024,Trapani,2020-12-27T00:00:00,2021-09-15T00:00:00,>60,2129,1701,1634
Poggioreale,81016,Trapani,2020-12-27T00:00:00,2021-09-15T00:00:00,12-60,830,536,474
Poggioreale,81016,Trapani,2020-12-27T00:00:00,2021-09-15T00:00:00,>60,457,393,378
Salaparuta,81017,Trapani,2020-12-27T00:00:00,2021-09-15T00:00:00,12-60,967,730,633
Salaparuta,81017,Trapani,2020-12-27T00:00:00,2021-09-15T00:00:00,>60,483,414,397
Salemi,81018,Trapani,2020-12-27T00:00:00,2021-09-15T00:00:00,12-60,6112,4545,3992
Salemi,81018,Trapani,2020-12-27T00:00:00,2021-09-15T00:00:00,>60,3112,2746,2592
San Vito Lo Capo,81020,Trapani,2020-12-27T00:00:00,2021-09-15T00:00:00,12-60,3053,1930,1605
San Vito Lo Capo,81020,Trapani,2020-12-27T00:00:00,2021-09-15T00:00:00,>60,1328,1049,993
Santa Ninfa,81019,Trapani,2020-12-27T00:00:00,2021-09-15T00:00:00,12-60,2890,2263,2013
Santa Ninfa,81019,Trapani,2020-12-27T00:00:00,2021-09-15T00:00:00,>60,1540,1445,1367
Trapani,81021,Trapani,2020-12-27T00:00:00,2021-09-15T00:00:00,12-60,40305,26991,23498
Trapani,81021,Trapani,2020-12-27T00:00:00,2021-09-15T00:00:00,>60,18736,15839,14987
Valderice,81022,Trapani,2020-12-27T00:00:00,2021-09-15T00:00:00,12-60,7174,4944,4368
Valderice,81022,Trapani,2020-12-27T00:00:00,2021-09-15T00:00:00,>60,3390,2965,2849
Vita,81023,Trapani,2020-12-27T00:00:00,2021-09-15T00:00:00,12-60,1056,812,731
Vita,81023,Trapani,2020-12-27T00:00:00,2021-09-15T00:00:00,>60,652,616,603
